{
  "DataList": [
    {
      "Id": 0,
      "GroupID": 1,
      "SlotZ": [
        0.0,
        0.0,
        0.0,
        0.0
      ],
      "SlotX": [
        1.00335530365721e+22,
        0.0,
        0.0,
        -1.00335530365721e+22
      ]
    },
    {
      "Id": 22,
      "GroupID": 10001,
      "SlotZ": [
        0.0,
        0.0,
        0.0,
        0.0
      ],
      "SlotX": [
        1.00335530365721e+22,
        0.0,
        0.0,
        -1.00335530365721e+22
      ]
    }
  ]
}